{
    "Zona 01": {
        "id": "725bfcc9-b8b6-445f-9960-ce60e4ac45c5",
        "roads": {
            "cb61f032-fac8-43d5-8d62-fc5541e020c3": {
                "length": 620.8642667608285,
                "num_slots": 26
            },
            "a855f704-2293-4519-bbd4-9f8145e87e56": {
                "length": 100.2310700729665,
                "num_slots": 7
            },
            "93ee9bab-6441-4579-b02b-bc374e61a5b9": {
                "length": 194.55713286058963,
                "num_slots": 9
            },
            "3361bad6-a999-4260-a34f-2fd189bbdabf": {
                "length": 285.0464486102424,
                "num_slots": 11
            },
            "632805f1-8959-4988-8853-0de3d060f923": {
                "length": 124.9800790461516,
                "num_slots": 19
            },
            "47c43dc8-f547-44de-aa75-d9306230a022": {
                "length": 120.8059065249043,
                "num_slots": 20
            }
        },
        "KPI_z": 14.21,
        "num_roads": 6,
        "length": 1446.48,
        "num_slots": 92
    },
    "Zona 05": {
        "id": "64eaaec8-f761-4eb5-af33-d08a09e7c635",
        "roads": {
            "755485bc-613d-44ef-b371-19d1e8685c61": {
                "length": 412.8763603429801,
                "num_slots": 41
            },
            "ca58e975-8bd1-42bf-b189-9777b1a48c60": {
                "length": 402.03258969803375,
                "num_slots": 20
            },
            "550eabfb-93e5-4215-82fa-5ba26ce1a9bc": {
                "length": 469.87979063828925,
                "num_slots": 44
            },
            "b1b26a33-1bba-4c50-b26a-b740b6745c0a": {
                "length": 364.3092346749657,
                "num_slots": 35
            },
            "72ad5874-a5e2-47d3-9205-948328ff3cd4": {
                "length": 491.1313460746363,
                "num_slots": 51
            }
        },
        "KPI_z": 36.38,
        "num_roads": 5,
        "length": 2140.23,
        "num_slots": 191
    },
    "Zona 04": {
        "id": "1c8f9aac-104a-47f5-95b9-e4a8edc53d52",
        "roads": {
            "963e67d1-d819-418c-9eae-b92b70c97cc8": {
                "length": 68.52769808936864,
                "num_slots": 5
            },
            "623d8f83-4a09-47e1-80d2-f60cc55ff0e1": {
                "length": 145.1052955687472,
                "num_slots": 0
            },
            "0c1e5a1d-fc08-41a7-9232-896bb0deb66d": {
                "length": 196.3440369709075,
                "num_slots": 11
            },
            "eda61278-da98-44ae-90d3-4ebf925872e3": {
                "length": 133.63791967471536,
                "num_slots": 0
            },
            "2ef4c961-e3c6-4b6d-aa87-9d09e7260c09": {
                "length": 393.1600682667456,
                "num_slots": 0
            },
            "eeb5a7b5-b667-409a-97fc-b073ba5125e0": {
                "length": 72.27908347955986,
                "num_slots": 0
            },
            "2b50ab16-0fb9-4b57-ade8-1fcf4c157eeb": {
                "length": 199.7411462001043,
                "num_slots": 0
            },
            "b7565550-42d6-48af-96cd-7f52d0e1842c": {
                "length": 79.56639860168985,
                "num_slots": 0
            }
        },
        "KPI_z": 5.8,
        "num_roads": 8,
        "length": 1288.36,
        "num_slots": 16
    },
    "Zona 06": {
        "id": "ecc360da-41e9-4165-81df-ffa63a899aed",
        "roads": {
            "7864a49d-2f40-4670-a51b-abc033243a64": {
                "length": 283.3030498046187,
                "num_slots": 19
            },
            "439706b0-374c-4f5a-afa0-c99dfac3c83f": {
                "length": 200.13924493703618,
                "num_slots": 26
            },
            "d9e3df6b-0fac-4274-8854-9bed63ef1eb7": {
                "length": 256.3518411959736,
                "num_slots": 0
            },
            "39356d00-0a55-475c-8882-74a3612cc4d7": {
                "length": 404.6257451145553,
                "num_slots": 78
            },
            "fee9130f-89ed-4975-9a27-744a6726540f": {
                "length": 241.63975426334005,
                "num_slots": 17
            },
            "b2256429-ea9d-4e55-8e30-5f391459d972": {
                "length": 200.8212966345731,
                "num_slots": 78
            },
            "03f662d7-1b75-4452-ad1b-34390bd57c4c": {
                "length": 363.08374169405755,
                "num_slots": 11
            }
        },
        "KPI_z": 30.57,
        "num_roads": 7,
        "length": 1949.96,
        "num_slots": 229
    },
    "Zona 03": {
        "id": "6a719f5c-a0db-4fa8-ac80-b802c7af9bc3",
        "roads": {
            "26951596-ba2a-406c-8708-30e48a3b718e": {
                "length": 303.18648135941294,
                "num_slots": 0
            },
            "bb060346-9520-4920-aea4-8202ef2e805e": {
                "length": 114.09588111088274,
                "num_slots": 8
            },
            "4c4b05ab-ff8b-43f3-a45e-b4617d334928": {
                "length": 218.25183744291766,
                "num_slots": 18
            },
            "1ae948df-63cb-4f11-a8fe-edf2930895a3": {
                "length": 411.41430988111955,
                "num_slots": 34
            },
            "81ec66ec-6156-4010-b83a-413d377261b7": {
                "length": 198.19936464846228,
                "num_slots": 0
            },
            "02e3b6a4-ac58-407b-b8c0-b216bac7ba5b": {
                "length": 383.9882430485828,
                "num_slots": 19
            }
        },
        "KPI_z": 14.05,
        "num_roads": 6,
        "length": 1629.14,
        "num_slots": 79
    },
    "Zona 02": {
        "id": "dcbba5b4-6d7f-46b7-8d1d-2c0517f72e75",
        "roads": {
            "b1b9e9ed-4725-4768-836e-706a5e415732": {
                "length": 619.7253819394383,
                "num_slots": 82
            },
            "9a0395c1-f796-4e19-8528-3b148a40c541": {
                "length": 335.76715961580305,
                "num_slots": 75
            },
            "8f4dfa6f-237f-434c-8544-6fce7c8c161c": {
                "length": 118.24003611530004,
                "num_slots": 18
            },
            "7bde57bc-9331-41fa-b8e1-cf99301172ee": {
                "length": 256.20284291886753,
                "num_slots": 29
            }
        },
        "KPI_z": 36.62,
        "num_roads": 4,
        "length": 1329.94,
        "num_slots": 204
    },
    "Zona 07": {
        "id": "e94e69e0-b2c9-49f7-ac3c-b8a5ca6f713b",
        "roads": {
            "282c8179-3059-4e25-95b0-7deff051ff3a": {
                "length": 68.52733253058977,
                "num_slots": 15
            },
            "8c7f0df1-81d7-4523-a899-c812fb5104f9": {
                "length": 470.19111975164793,
                "num_slots": 0
            },
            "492d8fcc-f08f-4993-86a6-73ecb16e2d8e": {
                "length": 144.37330570901483,
                "num_slots": 0
            },
            "7c2afcd2-6206-4a1b-bfe8-3b8f04e3a06c": {
                "length": 909.3752161566127,
                "num_slots": 26
            },
            "954162fb-7266-4be7-bacd-4ad9ebd7b1ef": {
                "length": 421.752793053034,
                "num_slots": 0
            }
        },
        "KPI_z": 12.87,
        "num_roads": 5,
        "length": 2014.22,
        "num_slots": 41
    },
    "Zona 09": {
        "id": "3b36764d-f9d1-4dac-9c53-05c02c438a0f",
        "roads": {
            "018330f2-93b1-4352-ab89-1450d65064f0": {
                "length": 162.62026542535838,
                "num_slots": 16
            },
            "6d1d33b8-7e21-41c2-9e37-68ee0fef83d1": {
                "length": 405.349579970114,
                "num_slots": 31
            },
            "bbc83233-fefa-48ea-9b81-32eedb187688": {
                "length": 971.2912107363976,
                "num_slots": 88
            },